{"stats":{"minecraft:killed_by":{"minecraft:creeper":1,"minecraft:witch":1,"minecraft:zombie":1},"minecraft:dropped":{"minecraft:birch_planks":49,"minecraft:wheat_seeds":5,"minecraft:cooked_chicken":2,"minecraft:birch_sapling":17,"fleshz:hide":1,"minecraft:torch":2,"minecraft:wooden_axe":1,"minecraft:birch_door":2,"earlystage:flint_axe":3,"fleshz:wood_rack":2,"minecraft:sugar":1,"minecraft:string":2,"minecraft:quartz":1,"minecraft:birch_log":24,"minecraft:white_wool":1,"minecraft:dandelion":2},"minecraft:picked_up":{"minecraft:wooden_axe":1,"minecraft:birch_log":81,"minecraft:birch_door":2,"minecraft:crafting_table":1,"minecraft:lilac":2,"minecraft:cooked_beef":4,"earlystage:rock":56,"minecraft:birch_planks":53,"minecraft:potion":2,"minecraft:flint":6,"minecraft:dirt":6,"minecraft:string":2,"minecraft:cooked_mutton":3,"minecraft:bone":9,"minecraft:kelp":66,"minecraft:wheat_seeds":10,"minecraft:cooked_chicken":7,"minecraft:beef":6,"fleshz:hide":2,"mobcatalog:crab_leg":2,"minecraft:iron_nugget":40,"minecraft:glass_bottle":2,"minecraft:birch_sapling":33,"fleshz:wood_rack":2,"minecraft:stick":29,"minecraft:dandelion":2,"mobcatalog:cooked_crab_leg":2,"minecraft:torch":8,"minecraft:quartz":1,"minecraft:porkchop":12,"minecraft:spruce_sapling":1,"minecraft:cooked_cod":4,"minecraft:sugar":1,"mythic_charms:experience_nugget":10,"minecraft:arrow":3,"minecraft:rotten_flesh":6,"earlystage:flint_axe":2,"minecraft:obsidian":16,"minecraft:cod":20,"medievalweapons:wooden_long_sword":4,"minecraft:coal":5,"minecraft:mutton":4,"minecraft:white_wool":4},"minecraft:broken":{"medievalweapons:wooden_long_sword":1},"minecraft:killed":{"minecraft:spider":5,"naturalist:boar":2,"minecraft:sheep":1,"minecraft:skeleton":5,"minecraft:zombie":9,"minecraft:cow":2},"minecraft:crafted":{"minecraft:birch_planks":132,"earlystage:crafting_rock":1,"minecraft:birch_door":3},"minecraft:used":{"minecraft:cooked_mutton":2,"minecraft:birch_planks":81,"minecraft:glass_bottle":4,"minecraft:cooked_chicken":1,"minecraft:torch":6,"earlystage:flint_axe":8,"minecraft:crafting_table":1,"minecraft:birch_door":1,"minecraft:wooden_axe":58,"minecraft:spruce_sapling":1,"minecraft:potion":2,"medievalweapons:wooden_long_sword":60,"earlystage:crafting_rock":1,"minecraft:cooked_beef":3},"minecraft:custom":{"lootr:looted_stat":1,"minecraft:mob_kills":25,"minecraft:interact_with_crafting_table":7,"minecraft:interact_with_campfire":22,"minecraft:time_since_death":2356,"minecraft:leave_game":2,"minecraft:sleep_in_bed":1,"minecraft:time_since_rest":1512,"minecraft:sprint_one_cm":108744,"minecraft:walk_one_cm":299690,"minecraft:damage_taken":1117,"minecraft:damage_absorbed":1534,"minecraft:drop":114,"minecraft:damage_dealt":4747,"minecraft:fly_one_cm":86600,"minecraft:crouch_one_cm":1311,"minecraft:play_time":69286,"minecraft:deaths":3,"minecraft:sneak_time":309,"minecraft:walk_under_water_one_cm":39801,"minecraft:jump":726,"minecraft:total_world_time":69286,"minecraft:fall_one_cm":17067},"minecraft:mined":{"minecraft:kelp_plant":7,"earlystage:flint":6,"minecraft:tall_grass":3,"minecraft:spruce_leaves":3,"bushierflowers:grown_dandelion":2,"minecraft:kelp":1,"minecraft:large_fern":1,"minecraft:tall_seagrass":1,"minecraft:birch_planks":4,"geocluster:coal_ore_sample":5,"minecraft:birch_log":4,"minecraft:birch_leaves":21,"earlystage:rock":20,"treechop:chopped_log":7,"minecraft:grass":18,"bakery:strawberry_taiga":1,"geocluster:quartz_ore_sample":1,"minecraft:oak_leaves":4}},"DataVersion":3465}