{"stats":{"minecraft:killed_by":{"minecraft:skeleton":2,"minecraft:zombie":1},"minecraft:dropped":{"minecraft:wheat_seeds":1,"minecraft:iron_nugget":20,"minecraft:birch_sapling":17,"minecraft:obsidian":8,"mobcatalog:crab_leg":2,"minecraft:torch":16,"minecraft:wooden_axe":2,"minecraft:birch_door":2,"minecraft:potion":2,"medievalweapons:wooden_long_sword":4,"meadow:eriophorum":1,"minecraft:white_wool":3},"minecraft:picked_up":{"minecraft:wooden_axe":2,"minecraft:birch_log":60,"minecraft:charcoal":2,"minecraft:birch_door":2,"minecraft:lilac":8,"minecraft:feather":3,"minecraft:cooked_beef":3,"minecraft:chicken":2,"vinery:taiga_grapes_white":6,"earlystage:rock":22,"minecraft:birch_planks":47,"minecraft:potion":7,"minecraft:flint":25,"minecraft:golden_sword":2,"minecraft:gunpowder":1,"minecraft:stripped_birch_log":3,"minecraft:dirt":13,"minecraft:string":12,"minecraft:cooked_mutton":3,"minecraft:bone":4,"minecraft:wheat_seeds":13,"minecraft:raw_gold":15,"minecraft:spruce_planks":3,"earlystage:birch_bark":3,"minecraft:beef":5,"fleshz:hide":6,"mobcatalog:crab_leg":2,"minecraft:iron_nugget":20,"meadow:eriophorum":1,"minecraft:sugar_cane":18,"minecraft:birch_sapling":17,"fleshz:rotten_leather":1,"minecraft:stick":37,"minecraft:raw_iron":14,"minecraft:sweet_berries":27,"mobcatalog:cooked_crab_leg":4,"minecraft:torch":22,"minecraft:quartz":4,"minecraft:fire_charge":23,"vinery:white_grape":4,"minecraft:dried_kelp":8,"minecraft:redstone":2,"minecraft:spruce_sapling":5,"minecraft:spruce_log":12,"minecraft:golden_chestplate":2,"minecraft:spider_eye":4,"earlystage:crafting_rock":1,"minecraft:sugar":2,"minecraft:arrow":6,"mythic_charms:experience_nugget":10,"minecraft:rotten_flesh":16,"minecraft:golden_apple":2,"minecraft:glistering_melon_slice":24,"medievalweapons:wooden_long_sword":3,"minecraft:obsidian":8,"minecraft:mutton":5,"minecraft:coal":33,"minecraft:white_wool":8},"minecraft:broken":{"earlystage:flint_axe":1},"minecraft:killed":{"minecraft:witch":1,"creeperoverhaul:beach_creeper":1,"minecraft:spider":4,"minecraft:sheep":4,"minecraft:zombie":6,"minecraft:chicken":2,"minecraft:cow":2,"mobcatalog:crab":1},"minecraft:used":{"minecraft:cooked_mutton":3,"earlystage:water_wooden_bucket":1,"minecraft:birch_planks":9,"minecraft:glass_bottle":4,"minecraft:dried_kelp":4,"minecraft:spruce_planks":3,"minecraft:sugar_cane":7,"minecraft:stick":1,"minecraft:torch":14,"minecraft:dirt":15,"minecraft:mutton":1,"earlystage:flint_axe":22,"minecraft:crafting_table":1,"minecraft:white_bed":1,"minecraft:campfire":2,"minecraft:wooden_axe":14,"minecraft:spruce_sapling":1,"minecraft:lilac":5,"minecraft:fire_charge":2,"earlystage:wooden_bucket":1,"minecraft:potion":5,"minecraft:beef":1,"fleshz:wood_rack":6,"minecraft:sweet_berries":1,"earlystage:flint_pickaxe":1,"medievalweapons:wooden_long_sword":28,"minecraft:birch_log":3,"earlystage:crafting_rock":1},"minecraft:crafted":{"minecraft:sugar":8,"fleshz:prepared_hide":1,"minecraft:crafting_table":1,"minecraft:spruce_planks":28,"fleshz:rotten_leather":6,"minecraft:birch_slab":12,"earlystage:wooden_bucket":1,"minecraft:campfire":2,"earlystage:crafting_rock":1,"fleshz:wood_rack":12,"minecraft:white_wool":1,"minecraft:spruce_slab":6,"minecraft:stick":8,"minecraft:wooden_axe":4,"minecraft:white_bed":1,"minecraft:torch":24,"medievalweapons:wooden_long_sword":4},"minecraft:custom":{"lootr:looted_stat":1,"minecraft:mob_kills":22,"minecraft:interact_with_crafting_table":18,"minecraft:interact_with_campfire":11,"minecraft:leave_game":2,"minecraft:time_since_death":3601,"minecraft:sleep_in_bed":1,"minecraft:climb_one_cm":1166,"minecraft:time_since_rest":3669,"minecraft:sprint_one_cm":100212,"minecraft:walk_one_cm":483648,"minecraft:damage_taken":550,"minecraft:damage_absorbed":2152,"minecraft:drop":20,"minecraft:damage_dealt":4034,"minecraft:fly_one_cm":161674,"minecraft:crouch_one_cm":1742,"minecraft:play_time":142179,"minecraft:deaths":3,"minecraft:sneak_time":364,"minecraft:walk_under_water_one_cm":485,"minecraft:jump":1574,"minecraft:total_world_time":142179,"minecraft:fall_one_cm":40296},"minecraft:mined":{"minecraft:spruce_planks":3,"earlystage:flint":9,"minecraft:stripped_birch_log":3,"geocluster:gold_ore_sample":11,"minecraft:crafting_table":1,"minecraft:torch":4,"earlystage:crafting_rock":1,"minecraft:grass_block":8,"geocluster:iron_ore_sample":14,"minecraft:campfire":1,"minecraft:tall_grass":9,"minecraft:spruce_leaves":10,"minecraft:sugar_cane":14,"minecraft:wall_torch":4,"minecraft:large_fern":1,"minecraft:birch_planks":1,"geocluster:coal_ore_sample":21,"minecraft:fire":1,"minecraft:lilac":6,"minecraft:birch_leaves":8,"earlystage:rock":19,"treechop:chopped_log":2,"meadow:eriophorum":1,"minecraft:grass":22,"geocluster:redstone_ore_sample":2,"minecraft:dirt":7,"geocluster:quartz_ore_sample":4,"minecraft:oak_leaves":24}},"DataVersion":3465}